"panther_id","cause","cause_long","year","date","latitude","longitude"
"UCFP478","Vehicular trauma","Bonita Beach Road in the median turn lane.  Location was 1.1km (0.69 miles) east of intersection with Bonita Grande Dr.","2024","2024-12-26","25.050529","-81.089719"
"UCFP479","Vehicular trauma","South shoulder of Immokalee Road, 3.2km east of the junction with Oil Well Grade Road","2025","2025-01-10","25.062493","-81.018351"
"UCFP480","Vehicular trauma","Found on the side of CR-833 1/4 of a mile south of McDaniel's Ranch Rd","2025","2025-02-24","25.069065","-80.876793"
"UCFP481","Vehicular trauma","Median on SR-80 East of intersection with Silk Bay Blvd.","2025","2025-03-06","25.166725","-81.045693"
"UCFP482","Vehicular trauma","SR29, 2.5km north of the junction with SR82","2025","2025-03-10","25.10611","-81.002874"
"UCFP483","Intraspecific aggression","Brown Grade, south of CR 846","2025","2025-03-28","25.075161","-80.938511"
"UCFP484","Vehicular trauma","SR 29, 1.2 miles south of SR 82","2025","2025-05-01","25.094032","-81.002504"
"UCFP485","Vehicular trauma","Keri Rd, 3.4 miles east of Wild Cow Grade","2025","2025-05-02","25.136745","-80.949534"
"UCFP486","Vehicular trauma","Josie Billie Hwy, 0.1 mile east of S Boundary Rd","2025","2025-05-04","25.04825","-80.863115"
"UCFP487","Vehicular trauma","SR 29, 0.9 miles south of I-75","2025","2025-05-06","24.994548","-80.973283"
"UCFP488","Vehicular trauma","I-75, 0.6 miles south of SR 56","2025","2025-07-01","25.613776","-81.298003"
"UCFP463","Vehicular trauma","E of Whidden Loop Rd and Lost Lane on Corkscrew RD. In standing water.","2024","2024-07-05","25.096445","-81.038018"
"UCFP464","Vehicular trauma","SR29, 472 m north of where New Market Rd merges with SR29 on North side of Immokalee","2024","2024-08-21","25.087376","-81.002228"
"FP268","Vehicular trauma","North shoulder of Corkscrew Road, 340m east of Titan Rock Mine entrance.","2024","2024-08-24","25.087418","-81.051794"
"UCFP465","Vehicular trauma","I-75, mile marker 103. Just west of Santa Barbara overpass, northbound lane.","2024","2024-08-29","24.999532","-81.08631"
"K524","Predation","OK Slough WMA, Bear scat piles found nearby.","2024","2024-09-03","25.116977","-80.955044"
"K522","Predation","OK Slough WMA; bear scat piles found nearby.","2024","2024-09-03","25.117163","-80.955101"
"UCFP466","Vehicular trauma","Hit by a vehicle on CR835 between forested hammock surrounded by cropland on the west side of the street and cropland on the east side of the street.","2024","2024-09-17","25.097803","-80.865972"
"UCFP467","Unknown","Private property","2024","2024-09-19","24.985645","-80.973646"
"FP247","Vehicular trauma","County Line Road, approximately 6.8km south of CR846.  Carcass was on the west side of the road, hence in Collier County","2024","2024-09-21","25.061912","-80.95258"
"UCFP468","Vehicular trauma","Corkscrew Rd, 130 m W of Alico Rd junction. This is right where the fencing ends on the western side for the Alico-Corkscrew panther-crossing structure.","2024","2024-10-02","25.087714","-81.083826"
"UCFP469","Vehicular trauma","Immokalee Road, 237m south of Wild Turkey Drive on west shoulder of southbound lane.","2024","2024-10-27","25.057166","-81.05013"
"UCFP471","Vehicular trauma","Euthanized at TampaZoo on 11/12/24 and transported to Gainesville Lab for necropsy. Immokalee Rd 2.5 miles east of oil well grade Rd.","2024","2024-10-30","25.062593","-81.015315"
"UCFP470","Vehicular trauma","Corkscrew Road, 1.1 miles south of SR 82","2024","2024-11-08","25.101451","-81.031385"
"UCFP472","Vehicular trauma","I-75, mile marker 119. Between Bonita Beach and Corkscrew exits.","2024","2024-11-17","25.066353","-81.103477"
"UCFP473","Vehicular trauma","2 miles south of Deep 50 gun range on South Bound SR-29. Laying in grass off to the side of the road. ","2024","2024-11-22","24.955951","-80.972696"
"K446","Vehicular trauma","I75, mile marker 62, N bound","2024","2024-11-29","25.004725","-80.887411"
"UCFP474","Vehicular trauma","Loblolly Bay Rd SW, 1/3 mile west of Fernwood Lane","2024","2024-12-04","25.203262","-81.021263"
"UCFP475","Vehicular trauma","Johnston Road about 1.6 miles south of SR66","2024","2024-12-10","25.388105","-81.076805"
"UCFP476","Vehicular trauma","Old SR8, NW of Venus.  0.8 miles north of Creekview Rd.","2024","2024-12-21","25.287248","-80.991433"
"UCFP477","Vehicular trauma","I75, MM 58, N bound. 120 m west of overpass.","2024","2024-12-23","25.005586","-80.867615"
"UCFP478","Vehicular trauma","Bonita Beach Road in the median turn lane.  Location was 1.1km (0.69 miles) east of intersection with Bonita Grande Dr.","2024","2024-12-26","25.050529","-81.089719"
"FP001","Vehicular trauma","SR 84 (now I-75)","1983","1983-12-14","24.998169","-80.986928"
"FP002","Intraspecific aggression","FSSP","1984","1984-12-05","24.950425","-80.983256"
"FP003","Capture related","FSSP","1983","1983-01-17","24.947489","-80.997344"
"FP004","Vehicular trauma","SR 84 (now I-75)","1985","1985-04-18","24.998078","-80.989939"
"FP005","Unknown","Fakahatchee Conservation Club (now FPNWR)","1983","1983-11-18","25.015049","-80.977024"
"FP006","Other","SBCNP Cypress head 2-3 miles west of airboat  trail off L-28 near camps","1982","1982-04-16","24.985621","-80.840073"
"FP007","Vehicular trauma","SR 29, 4 miles S of  SR 84 (now I-75)","1985","1985-10-26","24.980717","-80.972832"
"FP010","Intraspecific aggression","Mud Lake Strand, now FPNWR","1987","1987-01-27","25.027522","-80.98287"
"FP011","Intraspecific aggression","Private land, 200yds. S of CR846, 1 mile E of Dupree Rd.","2001","2001-02-27","25.077934","-80.972797"
"FP012","Intraspecific aggression","Bear island","1994","1994-11-09","25.043286","-80.912968"
"FP013","Vehicular trauma","SR 29 Sunniland","1987","1987-12-14","25.032044","-80.97326"
"FP014","Unknown","Everglades National Park","1991","1991-06-21","24.766786","-80.755545"
"FP015","Intraspecific aggression","EVER","1988","1988-06-10","24.762411","-80.780422"
"FP016","Unknown","EVER, NE boundary","2000","2000-01-07","24.829923","-80.726895"
"FP017","Unknown","NBCNP, near Tangerine Camp Addlands","1990","1990-07-23","25.019421","-80.875967"
"FP018","Intraspecific aggression","S of CR 846 near Rocky Lake","1990","1990-10-03","25.074343","-80.89994"
"FP019","Unknown","FPNWR","1997","1997-12-03","25.027244","-80.979822"
"FP022","Unknown","EVER in solution hole Pinelands on Long Pine Key","1991","1991-07-22","24.774915","-80.775627"
"FP023","Degenerative diseases","BCNP, 2 miles E of Turkey Foot. 17.1 mi N of Oasis visitor center","2000","2000-12-01","24.986264","-80.87022"
"FP024","Unknown","near Palmdale","1988","1988-08-22","25.262193","-80.965374"
"FP025","Intraspecific aggression","FPNWR","1988","1988-08-26","25.002406","-80.980738"
"FP026","Intraspecific aggression","4 mi. E. Hendry Prison","1994","1994-07-11","25.050438","-80.924776"
"FP027","Unknown","EVER","1989","1989-07-26","24.870379","-80.746363"
"FP029","Infectious disease - Pseudorabies","Gum Swamp","1992","1992-05-27","25.060325","-80.942342"
"FP030","Intraspecific aggression","FSSP","1990","1990-01-29","24.941317","-80.985298"
"FP031","Vehicular trauma","SR 29 Sunniland","1994","1994-03-04","25.032395","-80.973459"
"FP032","Unknown","FPNWR - Rock Island","2002","2002-09-14","24.997701","-81.015802"
"FP033","Infectious disease - Pseudorabies","2 mi. NW of Hendry Prison","1989","1989-11-23","25.05599","-80.944676"
"FP034","Unknown","near L28 W feeder canal","1993","1993-11-15","25.054422","-80.89848"
"FP036","Unknown","NBCNP, E of L28 interceptor canal","1998","1998-10-12","25.016281","-80.838181"
"FP037","Vehicular trauma","SR 29, 0.5 miles N of I-75","1990","1990-11-26","25.001525","-80.973506"
"FP038","Unknown","Conservation Area 3A. Cypress National Preserve, Raccoon Point","1994","1994-08-05","24.94908","-80.84692"
"FP039","Other","EVER","1990","1990-05-18","24.814652","-80.826624"
"FP040","Intraspecific aggression","NBCNP - Bear Island","1998","1998-02-02","25.009406","-80.935352"
"FP041","Intraspecific aggression","W of BCSIR","1990","1990-09-26","25.039659","-80.903213"
"FP042","Unknown","SBCNP","1995","1995-06-23","24.963736","-80.89675"
"FP043","Intraspecific aggression","BCSIR","1991","1991-10-31","25.039294","-80.884823"
"FP044","Intraspecific aggression","SBCNP, Raccoon Pt.","1993","1993-07-07","24.944515","-80.841075"
"FP045","Intraspecific aggression","BCSIR","1998","1998-08-03","25.033676","-80.857314"
"FP046","Intraspecific aggression","Private land S. CR 846","1999","1999-02-03","25.066525","-80.900978"
"FP047","Intraspecific aggression","FSSP","1993","1993-02-19","24.958199","-80.986422"
"FP048","Unknown","On Jack Price Land east of 29 near Sunniland; Sunniland mine.","2006","2006-10-30","25.036631","-80.96429"
"FP049","Intraspecific aggression","BCNP Addition Lands, male scrape found outside of hammock, panther witnessed leaving carcass","2002","2002-01-04","25.020431","-80.890395"
"FP050","Vehicular trauma","CR 846, 5 miles E of Immokalee","1993","1993-12-06","25.07959","-80.967614"
"FP051","Vehicular trauma","SR 29, Bear Island Grade","1998","1998-07-20","25.018139","-80.973747"
"FP052","Vehicular trauma","CR 846 near Dupree Road","1995","1995-01-13","25.079228","-80.976082"
"FP053","Intraspecific aggression","Private lands N of FPNWR","1993","1993-02-26","25.022135","-80.986767"
"FP055","Intraspecific aggression","BCNP","2004","2004-07-12","24.988779","-80.932426"
"FP058","Intraspecific aggression","Sadie Cypress - 10-15ft from a small pond with evidence of thrashing and tracks that led up to large water moccasin","1997","1997-03-31","25.070272","-80.969188"
"FP059","Intraspecific aggression","Private property, just E of Ford Test Track","2004","2004-11-22","25.005418","-81.019196"
"FP063","Other","SR 29, N of Pistol Pond","2000","2000-01-17","25.029372","-80.973328"
"FP064","Intraspecific aggression","Audubon's Corkscrew Sanctuary","1999","1999-03-26","25.076631","-81.044286"
"FP067","Intraspecific aggression","Private land, Gum Slough","2003","2003-01-15","25.046524","-80.92796"
"FP068","Intraspecific aggression","NBCNP, W of Tangerine tram, BCNP Addition lands","2000","2000-03-03","25.023148","-80.883457"
"FP069","Unknown","NBCNP - Addition Lands. Eaten armadillo about 100' from where FP69 lay. ","2005","2005-09-14","25.027094","-80.892675"
"FP070","Vehicular trauma","US 41, near Turner River","2006","2006-01-14","24.918496","-80.94842"
"FP072","Intraspecific aggression","BCSIR","1998","1998-12-23","25.03356","-80.868748"
"FP073","Infectious disease - Pseudorabies","BCSIR - Game Pen","2003","2003-07-02","25.035331","-80.858491"
"FP074","Vehicular trauma","US 27, near Venus","1999","1999-09-08","25.278412","-80.97719"
"FP076","Intraspecific aggression","FSSP, 1.9 miles W of SR 29 off of Lancaster Grade","1999","1999-11-15","24.967966","-80.981903"
"FP077","Infectious disease - Pseudorabies","Big Cypress Hunting Adventures (Game Pen) at Big Cypress Seminole Indian Reservation","2003","2003-07-14","25.034342","-80.860758"
"FP078","Intraspecific aggression","FPNWR - Fire Tower","2002","2002-10-18","25.007392","-80.974267"
"FP080","Vehicular trauma","W Boundary Road, BCSIR","2000","2000-02-10","25.052842","-80.883373"
"FP082","Intraspecific aggression","OSSF","2003","2003-05-13","25.101067","-80.955427"
"FP083","Vehicular trauma","US41 W of Port of the Isles, found in north bound lanes","2011","2011-03-25","24.94111","-81.03144"
"FP084","Unknown","Fisheating Creek WMA, 5 miles W of US 27","2000","2000-04-21","25.24528","-80.99652"
"FP085","Unknown","EVER","2004","2004-03-01","24.790582","-80.753349"
"FP086","Other","","2003","2003-11-07","24.966121","-80.839797"
"FP087","Intraspecific aggression","SBCNP - 7 miles NNE of Oasis","2003","2003-06-27","24.938393","-80.863617"
"FP089","Intraspecific aggression","BCNP, 2 miles NW of Mud Lake","2000","2000-11-10","24.976234","-80.915578"
"FP090","Vehicular trauma","US 27, 2.5 miles N of Terrytown","2001","2001-04-26","25.0675","-80.739246"
"FP091","Intraspecific aggression","BCNP, Turner River Unit","2003","2003-12-12","24.966489","-80.885407"
"FP092","Intraspecific aggression","CREW, N Flint Pen Strand","2001","2001-09-21","25.084829","-81.080018"
"FP093","Unknown","Big Cypress National Preserve, Turner River Unit, eastern Airplane Prairie. ","2015","2015-12-02","24.971589","-80.925036"
"FP096","Intraspecific aggression","Private land, Hogan Island","2002","2002-01-18","25.071007","-81.031137"
"FP097","Intraspecific aggression","Private land, E of Gopher Ridge Grove, N of Immokalee","2001","2001-12-03","25.090009","-80.975805"
"FP098","Vehicular trauma","SR 29, 1 km N of Pistol Pond","2002","2002-07-01","25.029438","-80.973194"
"FP099","Vehicular trauma","CR 846, 1/4 mile N of Collier fairgrounds","2002","2002-11-28","25.051532","-81.049915"
"FP100","Unknown","Miccosukee Reservation,  N of I-75","2007","2007-01-25","25.023001","-80.831085"
"FP102","Intraspecific aggression","SBCNP","2010","2010-10-25","24.920783","-80.943725"
"FP103","Intraspecific aggression","SBCNP Big Cypress National Preserve; In the Turner River Unit","2007","2007-08-08","24.942023","-80.8325"
"FP105","Unknown","FPNWR, SW corner of clearcut","2002","2002-01-16","25.015825","-80.983273"
"FP106","Vehicular trauma","SR 29, entrance to Sunniland Mine","2003","2003-02-20","25.032993","-80.973372"
"FP107","Unknown","FPNWR","2008","2008-08-06","25.012924","-80.977951"
"FP108","Infectious disease - Pseudorabies","SBCNP, Raccoon Point","2002","2002-11-18","24.946262","-80.834085"
"FP109","Intraspecific aggression","OSSF, N of CR 832","2003","2003-02-26","25.138792","-80.971157"
"FP111","Intraspecific aggression","OSSF, N of CR 832","2002","2002-09-06","25.136383","-80.973451"
"FP112","Intraspecific aggression","BCNP - Bear Island","2002","2002-09-13","25.019376","-80.945317"
"FP114","Intraspecific aggression","FPNWR, S of Oil Pad Rd.","2003","2003-10-17","25.007832","-80.97455"
"FP115","Unknown","OSSF, Sick Island","2003","2003-05-17","25.124452","-80.981961"
"FP116","Intraspecific aggression","Williams Ranch","2007","2007-01-10","25.041227","-80.928335"
"FP117","Infectious disease - Pseudorabies","OSSF. East of wild cow grade. ","2004","2004-07-28","25.123999","-80.959787"
"FP118","Infectious disease - Pseudorabies","BCSIR - Game Pen","2003","2003-04-04","25.035091","-80.859034"
"FP122","Unknown","OSSF, NW Wild Cow Island","2004","2004-02-13","25.116111","-80.971471"
"FP123","Intraspecific aggression","OSSF","2011","2011-06-19","25.001592","-81.03664"
"FP125","Other","Krome Ave.  1.5 mi south of US41","2004","2004-09-28","24.878974","-80.709391"
"FP126","Intraspecific aggression","Private property, 1/2 mile S of CR 846, Sadie Cypress","2005","2005-01-03","25.077242","-80.962165"
"FP127","Intraspecific aggression","NBCNP","2008","2008-03-17","25.017365","-80.835696"
"FP128","Unknown","BCSIR, game pen","2007","2007-09-27","25.035836","-80.862628"
"FP129","Unknown","SBCNP","2006","2006-03-22","24.943834","-80.850815"
"FP130","Vehicular trauma","I-4, near Osceola, Orange county line. Found in westbound lane.","2007","2007-03-21","25.650096","-81.05983"
"FP131","Other","Horse Trial grounds, N of CR 858, W of SR 29","2008","2008-04-16","25.02103","-80.976511"
"FP132","Infectious disease - FeLV","OSSF","2004","2004-07-22","25.099603","-80.958404"
"FP133","Intraspecific aggression","FSSP. 4.6km southwest of SR29 on 1-75","2012","2012-03-03","24.988848","-80.982426"
"FP134","Intraspecific aggression","NBCNP, W of L-28, S of pipeline","2007","2007-01-31","25.0284","-80.854696"
"FP135","Intraspecific aggression","","2006","2006-10-26","25.031429","-80.989493"
"FP136","Unknown","SBCNP, 2 miles NE of Burns Lake","2005","2005-06-14","24.937614","-80.923903"
"FP138","Unknown","SBCNP, 5.5 km N of Monument Lake Campground","2008","2008-05-12","24.92694","-80.894188"
"FP140","Intraspecific aggression","FPNWR, SE of Hog Pond","2009","2009-06-12","25.016187","-80.992052"
"FP141","Unknown","west side of CR833, couple miles west of house with pond/pets","2011","2011-01-05","25.069151","-80.890556"
"FP144","Intraspecific aggression","NBCNP","2010","2010-06-21","25.007428","-80.851162"
"FP148","Intraspecific aggression","Picayune Strand State Forest","2015","2015-03-20","24.968764","-81.040184"
"FP152","Intraspecific aggression","SBCNP Preserve; Turner River Unit; 12.7 km north of Oasis Visitor Center on Hwy. 41 in Big Cypress","2008","2008-10-22","24.943992","-80.868941"
"FP153","Unknown","Big Cypress National Preserve","2015","2015-06-16","24.995057","-80.925145"
"FP155","Unknown","Lee-Hendry Landfill","2008","2008-09-15","25.130701","-81.031803"
"FP156","Infectious disease - Pseudorabies","PSSF, Belle Meade. Just north of red dog trail, about 15m off trail.","2011","2011-07-29","24.994527","-81.049194"
"FP157","Intraspecific aggression","CREW. 1.2km east of Poor Man's Rd. in Flint Pen area of CREW","2008","2008-04-14","25.060197","-81.065715"
"FP158","Vehicular trauma","US 41, 1km E of SR92","2010","2010-05-22","24.946555","-81.044578"
"FP159","Unknown","Private land, 2 miles north of Corkscrew Rd.","2015","2015-04-27","25.097505","-81.050116"
"FP162","Intraspecific aggression","Big Cypress National Preserve; Turner River Unit 8.25 km north of Hwy. 41 at Monument Lake","2016","2016-05-06","24.933987","-80.900728"
"FP163","Vehicular trauma","Co Line Rd, Collier/Hendry Co. Line","2014","2014-04-25","25.068387","-80.952819"
"FP164","Unknown","NBCNP; 9.3km northwest of hwy 41 at Oasis Visitor Center","2008","2008-07-07","24.935261","-80.876634"
"FP166","Intraspecific aggression","BCSIR, N. of Safari Pen","2009","2009-10-05","25.059819","-80.887449"
"FP168","Intraspecific aggression","CREW, Flint Pen Strand","2010","2010-10-15","25.068358","-81.08931"
"FP169","Vehicular trauma","US 41, 4km W of Monroe Station","2010","2010-05-21","24.912202","-80.908519"
"FP170","Intraspecific aggression","PSSF, Swan Lake Prairie","2011","2011-03-02","24.975034","-81.021394"
"FP171","Vehicular trauma","SR29, 4.3km north of I75. Found in the northbound lanes, pulled off to shoulder by CCSO","2016","2016-08-14","25.010676","-80.973919"
"FP172","Intraspecific aggression","NBCNP. 140 west of a cypress pond. Hair on cypress knees indicative of a struggle. Fresh male scrapes in area.","2010","2010-03-22","25.012644","-80.869865"
"FP173","Infectious disease - Pseudorabies","Lee County Port Authority Mitigation Land","2010","2010-12-22","25.105084","-81.064147"
"FP174","Vehicular trauma","I-75, 95mm, eastbound","2010","2010-03-16","24.996758","-81.047218"
"FP175","Unknown","BCNP Addition Lands, Collier County. Bubbles crossover trail north of hits grade","2014","2014-01-24","25.020949","-80.900071"
"FP176","Vehicular trauma","CR 832, OSSF. East of Tower Rd, 600m west of OK slough SF headquarters","2010","2010-11-17","25.134353","-80.97517"
"FP177","Intraspecific aggression","BCNP - North Addition Lands. Just east of Nobles landing strip in north Addlands","2014","2014-07-16","25.026643","-80.889134"
"FP182","Unknown","US 41, near Turner River canoe launch","2012","2012-12-11","24.919016","-80.950417"
"FP183","Vehicular trauma","SR29, 2.75 mi south of I-75","2015","2015-02-25","24.986146","-80.973062"
"FP184","Intraspecific aggression","School bus road in the BCNP Addition lands, west of Nobels Grade.","2013","2013-04-26","25.018464","-80.899551"
"FP186","Intraspecific aggression","CREW, Bird Rookery Swamp","2011","2011-06-01","25.049701","-81.054244"
"FP188","Unknown","","2011","2011-09-14","25.09967","-81.035653"
"FP189","Intraspecific aggression","Tomato field S of Oil Well Rd","2012","2012-01-05","25.041146","-80.963308"
"FP191","Unknown","Big Cypress National Preserve. Found in ~ 1 foot of water in alligator flag pond in center of cypress dome; possible thrashing because remains were twisted in emergent vegetation, however, this could have been caused by scavengers and was sparse enough","2015","2015-02-13","24.975064","-80.875473"
"FP192","Intraspecific aggression","14km north of Hwy 41 at Oasis Visitor Center and 24km east of Turner River Rd junction of Upper Wagonwheel rd","2020","2020-03-20","24.951994","-80.875903"
"FP194","Intraspecific aggression","SBCNP","2012","2012-01-13","24.945536","-80.870364"
"FP195","Intraspecific aggression","Golden Gate Estates","2016","2016-08-29","25.00105","-81.034562"
"FP196","Vehicular trauma","US 41, 1.4km E of San Marco Rd","2012","2012-10-06","24.946376","-81.043325"
"FP197","Unknown","Lee County Port Authority Mitigation Land","2012","2012-07-18","25.105453","-81.064543"
"FP198","Intraspecific aggression","citrus grove 500m south of CR850, 1km west of Lee-Collier line","2017","2017-03-22","25.086502","-81.04366"
"FP211","Intraspecific aggression","Orange grove 8.7km SE of prison","2012","2012-05-21","25.033288","-80.923518"
"FP212","Intraspecific aggression","2 km NW of CR 846 and County Line Rd intersection","2012","2012-05-18","25.084222","-80.957972"
"FP213","Intraspecific aggression","Dinner Island Ranch WMA","2014","2014-12-31","25.10952","-80.942228"
"FP215","Unknown","Barron Collier. Catherine Island. East of ag fields.","2016","2016-06-22","25.017075","-80.997825"
"FP219","Vehicular trauma","I-75, just west of exit 101","2015","2015-09-18","24.999031","-81.077927"
"FP220","Unknown","Big Cypress National Preserve; Turner River Unit; 3 km east of junction of Turner River Road","2019","2019-02-15","24.949152","-80.938384"
"FP222","Vehicular trauma","I75, MM90, Northbound shoulder along the inner median","2015","2015-10-23","24.997315","-81.020159"
"FP223","Other","between CR833 and CR935. Found in alligator flag field near a pasture pond that was 400m north of Dooley Grade Road","2014","2014-01-04","25.120359","-80.880585"
"FP228","Vehicular trauma","Everglades/Francis Taylor WMA. Recovered from Miami Mud Canal about 300 yds south of S8 pump station.","2014","2014-03-17","25.054838","-80.801825"
"FP229","Unknown","Northern Addlands, BCNP","2014","2014-11-14","25.021599","-80.863597"
"FP231","Unknown","Vacant lot on east side of 8th St NE about half way between 12th and 14th Ave's NE. (south of Randall Blvd.)","2014","2014-08-04","25.027493","-81.047918"
"FP234","Vehicular trauma","I75, mm 54, inside median","2017","2017-08-13","25.006222","-80.851478"
"FP236","Infectious disease - Other","Golden gate estates. rock rd","2018","2018-03-21","25.03099","-81.059537"
"FP237","Intraspecific aggression","Panther Island Mitigation bank. 2.9 km NW of the Corkscrew Sanctuary Visitor Center","2015","2015-03-30","25.069739","-81.05966"
"FP240","Intraspecific aggression","Deep Lake Unit of Big Cypress NP","2015","2015-08-12","24.958729","-80.956531"
"FP242","Infectious disease - Pseudorabies","Immokalee Ranch","2016","2016-08-05","25.079321","-80.944725"
"FP244","Unknown","Dinner Island Ranch WMA","2017","2017-08-28","25.091355","-80.924718"
"FP245","Infectious disease - Pseudorabies","Immokalee Ranch, ~2 miles ESE of Bishop Pens","2018","2018-03-14","25.054328","-80.942194"
"FP249","Vehicular trauma","CR833 north of Seminole Indian Reservation","2017","2017-11-20","25.074962","-80.878526"
"FP250","Intraspecific aggression","Private property  in Belle Mead; ~ 1 km west off of Ken Luck Drive.","2018","2018-11-05","24.999846","-81.049623"
"FP251","Vehicular trauma","Immokalee rd 1.2km north of Jones Mining Rd","2018","2018-12-07","25.053147","-81.049856"
"FP252","Vehicular trauma","Golden Gate Blvd between 15th and 17th St SW, south side of road","2018","2018-08-01","25.019763","-81.062384"
"FP255","Vehicular trauma","CR850 about half mile south of SR82. Located in Orange Groves","2024","2024-01-22","25.102821","-81.029191"
"FP256","Other","","2019","2019-10-09","25.09868","-81.031419"
"FP257","Vehicular trauma","Chamberlain Pkwy just S of Daniels Pkwy","2021","2021-03-25","25.114204","-81.104902"
"FP259","Vehicular trauma","CR846. 5 miles east of SR29","2020","2020-05-01","25.079521","-80.969498"
"FP261","Vehicular trauma","Carcass was on right shoulder of southbound lanes, 290m west of the Toll Booth for Alligator Alley.   Near MM100","2022","2022-01-31","24.997252","-81.071786"
"FP264","Unknown","private property off Rookery Ln","2022","2022-05-23","25.066025","-81.051421"
"FP265","Unknown","Private land just east of Dupree Grade.  Located in pine palmetto just east of marsh.","2024","2024-05-12","25.081432","-80.976076"
"K049","Vehicular trauma","SR 29,1 mile N of Wagon Wheel Road","2005","2005-12-02","24.944197","-80.973789"
"K076","Vehicular trauma","CR 858, 1 mile W of SR 29","2000","2000-02-28","25.041055","-80.980331"
"K094","Vehicular trauma","I-75, near 98 mm, Ebound land","2004","2004-08-17","24.996943","-81.058332"
"K098","Vehicular trauma","CR 846,  3 miles E of Immokalee","2002","2002-11-26","25.078705","-80.981693"
"K128","Vehicular trauma","CR 832, 1 mile E of RR grade","2004","2004-12-07","25.134137","-80.982546"
"K153","Vehicular trauma","CR951, 1.2 miles S of Davis Blvd.","2005","2005-08-29","24.991189","-81.076322"
"K156","Vehicular trauma","US 41, Turner River","2004","2004-08-02","24.918474","-80.948688"
"K199","Vehicular trauma","CR 832, 0.6 miles W of Forestry tower","2007","2007-06-23","25.135136","-80.976359"
"K203","Unknown","BCSIR","2006","2006-04-06","25.036593","-80.872202"
"K247","Unknown","FPNWR, Unit12","2007","2007-05-03","25.011955","-80.999382"
"K248","Unknown","FPNWR, Unit12","2007","2007-05-03","25.010597","-81.059685"
"K249","Unknown","In den","2007","2007-04-27","25.011935","-80.999391"
"K253","Vehicular trauma","I-75, eastbound exit ramp for SR 29","2009","2009-01-17","24.998507","-80.974672"
"K259","Other","SBCNP","2007","2007-08-27","24.969388","-80.936662"
"K260","Other","SBCNP","2007","2007-08-27","24.969388","-80.936662"
"K268","Intraspecific aggression","SBCNP","2008","2008-05-23","24.945587","-80.917669"
"K269","Intraspecific aggression","SBCNP","2008","2008-05-23","24.945587","-80.917669"
"K284","Vehicular trauma","SR 29, S of Sears Rd.","2011","2011-01-07","25.146601","-81.004249"
"K322","Other","SBCNP","2011","2011-05-03","24.93256","-80.898837"
"K323","Other","SBCNP","2011","2011-05-03","24.93256","-80.898837"
"K324","Other","SBCNP","2011","2011-05-03","24.93256","-80.898837"
"K325","Other","SBCNP","2011","2011-05-03","24.93256","-80.898837"
"K351","Unknown","SBCNP","2012","2012-02-23","24.989679","-80.93799"
"K364","Vehicular trauma","CR833.  1 mi south of Hill Grade (2.2 mi south of CR832)","2017","2017-11-13","25.127659","-80.910826"
"K368","Illegal kill","Big Cypress National Preserve","2013","2013-12-07","24.938459","-80.89617"
"K373","Vehicular trauma","OK Slough.  On Keri Rd (CR832) at junction of North Loop trail entrance.","2021","2021-11-16","25.134108","-80.98609"
"K387","Vehicular trauma","SR29 between Pollywog Rd and SR78","2015","2015-11-25","25.196838","-81.000242"
"K388","Intraspecific aggression","US Sugar property east of CR385","2017","2017-01-27","25.112827","-80.858693"
"K390","Vehicular trauma","US41 approximately 350m SE of entrance to Collier-Seminole State Park (0.22 miles).   ","2014","2014-06-12","24.947034","-81.045248"
"K402","Vehicular trauma","I-75, 0.5 miles S of Exit 123, Corkscrew Road","2015","2015-03-07","25.076603","-81.103991"
"K403","Vehicular trauma","Daniel's Pkwy and Commerce lakes dr","2016","2016-05-26","25.120042","-81.095858"
"K411","Vehicular trauma","Immokalee Rd. About 0.5 mile south of curve to corkscrew sanctuary","2017","2017-11-07","25.057133","-81.05012"
"K421","Vehicular trauma","SR29, north of Immokalee","2016","2016-10-02","25.092099","-81.002462"
"K430","Vehicular trauma","On north edge of Stewart Blvd, approx 160m west of the Miller Canal Bridge","2018","2018-07-21","24.966814","-81.036223"
"K432","Vehicular trauma","I-75, mm 102","2015","2015-09-30","24.99919","-81.078963"
"K504","Vehicular trauma","I75 mile marker 132","2021","2021-04-12","25.119835","-81.111184"
"K516","Malnutrition","Pasture at the east end of 16th Ave SW and to the south","2021","2021-04-01","25.010336","-81.058776"
"K517","Unknown","Private property between Collier County property (formerly Hussey) and American Farms.","2021","2021-03-19","25.004144","-81.060736"
"K518","Malnutrition","Pasture at the east end of 16th Ave SW and to the south","2021","2021-04-01","25.010336","-81.058776"
"K519","Vehicular trauma","Inside east bound lane of Rattlesnake Hammock and Parker's Hammock roads.","2022","2022-09-05","24.982672","-81.082851"
"K520","Unknown","south naples near Wildflower Way.  Remains were under fairly thick palmetto cover, not cached.","2022","2022-05-19","24.978576","-81.084788"
"PC1144","Vehicular trauma","I75 southbound lanes, just west of the 101 exit ramp.  Located on the inside (north) shoulder of I75. ","2018","2018-01-07","24.999379","-81.080494"
"UCFP001","Unknown","Skin and partial skeleton collected in Immokalee - approximate location.","1949","1949-11-30","25.079014","-81.001493"
"UCFP002","Illegal kill","L-28 area - approximate location.","1978","1978-03-12","24.882484","-80.812536"
"UCFP003","Unknown","US 41, Gannet Strand","1979","1979-02-01","24.910266","-80.885118"
"UCFP004","Vehicular trauma","Highway 29, 200 ft north of Alligator alley","1979","1979-12-23","24.999439","-80.973424"
"UCFP005","Vehicular trauma","SR 29 near Sunniland","1980","1980-02-07","25.038201","-80.973491"
"UCFP006","Vehicular trauma","SR 29 near Copeland","1981","1981-04-19","24.957132","-80.972565"
"UCFP008","Illegal kill","BCSIR - approximate location.","1983","1983-12-03","25.020809","-80.876585"
"UCFP009","Vehicular trauma","US 27 Palmdale at Fisheating Creek Bridge","1983","1983-03-17","25.23712","-80.970199"
"UCFP010","Illegal kill","L-8 canal near Canal Point - approximate location","1983","1983-05-22","25.241276","-80.749893"
"UCFP011","Illegal kill","Corbett WMA - approximate location","1984","1984-10-26","25.223641","-80.705892"
"UCFP012","Vehicular trauma","SR 84 (now I-75)","1984","1984-11-12","24.997892","-80.995909"
"UCFP013","Vehicular trauma","Old MM16 on Alley bordered by FPNWR","1985","1985-01-08","24.997871","-80.995323"
"UCFP014","Illegal kill","Collier Seminole State Park","1985","1985-03-25","24.949476","-81.047177"
"UCFP015","Vehicular trauma","SR 84 (now I-75)","1986","1986-11-15","24.997838","-80.994454"
"UCFP017","Intraspecific aggression","Crane Swamp, Farmton WMA - approximate location. ","1987","1987-12-19","25.823134","-80.890571"
"UCFP018","Vehicular trauma","CR 850, 1.5 miles S of SR 82","1989","1989-01-25","25.100714","-81.03263"
"UCFP019","Vehicular trauma","CR 835, 1 mile E of CR 833","1990","1990-06-18","25.085357","-80.87484"
"UCFP020","Vehicular trauma","east side SR 29, at Pistol Pond","1991","1991-02-04","25.026779","-80.973064"
"UCFP021","Vehicular trauma","SR 29, Sunniland","1992","1992-11-09","25.032584","-80.973298"
"UCFP022","Vehicular trauma","Daniels Rd, 1 mile E of I-75","1993","1993-08-09","25.116274","-81.105559"
"UCFP023","Vehicular trauma","County Line Road, 3 miles N of CR 858","1994","1994-02-28","25.063929","-80.952705"
"UCFP024","Infectious disease - Other","FPNWR","1996","1996-03-18","25.008123","-80.97641"
"UCFP026","Vehicular trauma","US 41","1998","1998-09-17","24.909531","-80.875784"
"UCFP027","Vehicular trauma","Farm Road E of Hendry Prison","1999","1999-07-08","25.042973","-80.926311"
"UCFP028","Vehicular trauma","SR 25 S of Moore Haven","1972","1972-02-13","25.192544","-80.899204"
"UCFP029","Vehicular trauma","CR 832, 5.5 miles E of SR 29","1996","1996-04-24","25.135462","-80.977986"
"UCFP030","Vehicular trauma","US 41, Turner River","1996","1996-05-02","24.918535","-80.948792"
"UCFP031","Vehicular trauma","CR 846, 1.5 miles W of CR 858","1997","1997-07-18","25.080083","-80.965756"
"UCFP033","Vehicular trauma","2 mi north of BCSIR on CR833","1999","1999-10-29","25.068364","-80.876537"
"UCFP034","Vehicular trauma","CR 846, 2 miles E of Collier/Hendry line","2000","2000-03-23","25.082333","-80.93549"
"UCFP035","Vehicular trauma","CR 846,  2 miles E of Immokalee","2000","2000-06-23","25.078464","-80.986392"
"UCFP036","Vehicular trauma","CR 846, near big powerline","2000","2000-08-13","25.081243","-80.941715"
"UCFP037","Vehicular trauma","CR 846, 4.5 miles E of SR 29. Hit in east bound lane. Appeared to be drug 40-50 ft to opposite side of road (west bound) and then onto shoulder at road in grass (grass in mouth)","2000","2000-12-29","25.078817","-80.972796"
"UCFP038","Vehicular trauma","CR 833,  1 mile N of BCSIR","2001","2001-04-14","25.060812","-80.874179"
"UCFP039","Vehicular trauma","SR 29, 1/2 mile N of Jerome","2001","2001-05-07","24.952536","-80.972845"
"UCFP040","Vehicular trauma","SR 29, 1/2 mile N of Jerome,  likely hit on road shoulder, found off to side","2001","2001-05-07","24.951871","-80.972848"
"UCFP041","Vehicular trauma","SR 29, Sunniland, near mine entrance","2001","2001-05-22","25.033178","-80.973377"
"UCFP042","Vehicular trauma","CR 846, 1 mile E of big powerline","2001","2001-06-14","25.08238","-80.933566"
"UCFP044","Unknown","","1996","1996-02-06","24.952741","-80.868788"
"UCFP045","Vehicular trauma","US 27, 3.4 miles N of Palmdale","2002","2002-04-05","25.257032","-80.975131"
"UCFP046","Vehicular trauma","SR 29, 1/2 mile N of Deep Lake","2002","2002-04-10","24.969238","-80.972566"
"UCFP048","Vehicular trauma","CR 846,  5 miles E of Immokalee","2002","2002-11-11","25.079303","-80.96645"
"UCFP051","Vehicular trauma","I-4, 0.25 miles E of I-75, near Tampa","2003","2003-03-10","25.558821","-81.274169"
"UCFP052","Vehicular trauma","CR 833, 2 miles S of CR 832","2003","2003-03-22","25.12677","-80.910836"
"UCFP053","Vehicular trauma","SR 29, 1.4 miles N of CR 858","2003","2003-05-26","25.050065","-80.974033"
"UCFP054","Vehicular trauma","SR 29, 1.7 miles N of CR 858","2003","2003-06-03","25.052275","-80.974125"
"UCFP055","Unknown","BCSIR Safari Pen","2003","2003-06-13","25.052645","-80.891177"
"UCFP056","Unknown","BCSIR Safari Pen","2003","2003-06-14","25.051347","-80.890199"
"UCFP057","Infectious disease - Pseudorabies","BCSIR Safari Pen","2003","2003-06-16","25.052577","-80.890581"
"UCFP058","Vehicular trauma","CR 846, 3/4 miles E of Everglades Blvd.","2003","2003-06-30","25.061971","-81.015995"
"UCFP059","Vehicular trauma","CR 858, 1.2 miles W of SR 29","2003","2003-11-02","25.041384","-80.979555"
"UCFP060","Other","US 41,  1 mile E of CR 92","2003","2003-12-15","24.946352","-81.042887"
"UCFP061","Vehicular trauma","CR 833, 1.7 miles N of CR 846 intersection","2003","2003-12-25","25.100545","-80.909703"
"UCFP062","Vehicular trauma","US 41, near 40 Mile Bend","2004","2004-01-11","24.88944","-80.822465"
"UCFP063","Vehicular trauma","I-75, 99 mm, Ebound lane","2004","2004-02-26","24.996988","-81.064459"
"UCFP065","Vehicular trauma","SR 29, 200 yds. N of Bear Island Grade","2004","2004-04-06","25.019131","-80.973671"
"UCFP066","Vehicular trauma","I-75, 93 mm,  0.5 miles W of Everglades Blvd.","2004","2004-06-27","24.996303","-81.036568"
"UCFP067","Unknown","Appears kitten had been laying at site several hours, grass was matted down from rolling around (kitten too young to walk on own yet). No evidence that mother was laying at site","2004","2004-09-02","25.013543","-80.97781"
"UCFP068","Unknown","","2004","2004-09-30","24.918192","-80.878071"
"UCFP069","Vehicular trauma","2.5mi N of 858 on SR29 west side right of way (grass)","2004","2004-10-25","25.055151","-80.974312"
"UCFP070","Vehicular trauma","SR 29, Owl Hammock Curve","2004","2004-12-01","25.061122","-80.974976"
"UCFP071","Vehicular trauma","US 41, just E of 11 Mile Road","2005","2005-02-04","24.90676","-80.846442"
"UCFP072","Vehicular trauma","SR 29, near Jerome","2005","2005-02-25","24.956785","-80.972646"
"UCFP073","Vehicular trauma","CR 951, S of Rattlesnake Hammock Road","2005","2005-04-07","24.981006","-81.076204"
"UCFP074","Vehicular trauma","I-95, St. John's/Flagler Co. line ","2005","2005-06-04","26.06732","-80.978475"
"UCFP075","Vehicular trauma","SR 29, Owl Hammock Curve","2005","2005-06-19","25.061077","-80.97493"
"UCFP076","Vehicular trauma","US 41, 1.4 miles E of CR 951","2005","2005-09-18","24.964746","-81.073887"
"UCFP077","Intraspecific aggression","BCSIR, W of Swamp Safari","2006","2006-01-15","25.045596","-80.893014"
"UCFP078","Vehicular trauma","CR 846, 1 miles W of CR 858","2006","2006-01-25","25.08083","-80.957941"
"UCFP079","Vehicular trauma","CR 846, 2 miles N of CR 858 - near Collier fairgrounds","2006","2006-01-26","25.055646","-81.050014"
"UCFP080","Vehicular trauma","Card Sound Road","2006","2006-02-02","24.75428","-80.684024"
"UCFP081","Vehicular trauma","I-75, between exits 137-138, Lee County","2006","2006-02-27","25.145325","-81.113626"
"UCFP082","Unknown","0.2 miles W of SR 29 Hendry County. Remains found in ditch near wildlife feeder; abundant hog sign","2006","2006-02-27","25.150297","-81.005661"
"UCFP083","Intraspecific aggression","CREW, 1 mile S of Corkscrew Rd., Flint Pen Strand, found during prescribed burn","2006","2006-03-14","25.080654","-81.088889"
"UCFP084","Vehicular trauma","I-4, SW of Orlando","2006","2006-04-14","25.650816","-81.05908"
"UCFP085","Vehicular trauma","CR 832, 3 miles E of OSSF SF","2006","2006-06-05","25.136444","-80.941146"
"UCFP086","Vehicular trauma","SR 29, 0.6 miles S of Sunniland","2006","2006-07-07","25.030798","-80.973221"
"UCFP087","Vehicular trauma","Corkscrew Rd. near Alico","2006","2006-08-24","25.087908","-81.081007"
"UCFP088","Vehicular trauma","US 41, between Manatee Rd and CR951","2006","2006-11-26","24.966026","-81.07501"
"UCFP089","Vehicular trauma","County Line Road, Collier/Hendry","2006","2006-12-12","25.072707","-80.95295"
"UCFP090","Vehicular trauma","CR 832, 1mile W of Forestry tower","2007","2007-01-24","25.134925","-80.981326"
"UCFP091","Vehicular trauma","CR 832, W of Keri tower, OSSF","2007","2007-03-09","25.134506","-80.975407"
"UCFP092","Vehicular trauma","US 41, 1.2 miles W of SR 29","2007","2007-03-29","24.925973","-80.982952"
"UCFP093","Vehicular trauma","I-75, 0.5 miles N Corkscrew Road","2007","2007-03-30","25.084607","-81.106832"
"UCFP094","Vehicular trauma","I-75, 2 miles E of toll booth 98mm","2007","2007-04-03","24.996962","-81.059493"
"UCFP095","Vehicular trauma","Walk-in-Water road","2007","2007-04-17","25.497749","-81.015892"
"UCFP096","Vehicular trauma","US1, 1/2 mile S of Card Sound Rd.","2007","2007-05-09","24.782514","-80.704597"
"UCFP097","Vehicular trauma","Corkscrew Road, near Alico","2007","2007-05-14","25.087375","-81.079782"
"UCFP098","Vehicular trauma","SR 29, at Jerome wildlife crossing","2007","2007-06-11","24.946334","-80.973206"
"UCFP099","Vehicular trauma","SR 82, 0.7 miles W of Sunshine Blvd","2007","2007-06-14","25.12396","-81.079808"
"UCFP100","Vehicular trauma","SR 29, 3 miles S of Immokalee","2007","2007-06-23","25.06773","-80.981382"
"UCFP101","Vehicular trauma","US 41, 1 mile E of Krome Ave","2007","2007-06-27","24.884611","-80.70371"
"UCFP102","Vehicular trauma","I-75, 1.5 miles E of SR 29","2007","2007-09-12","24.998823","-80.964736"
"UCFP103","Vehicular trauma","Pine Ridge Road, half way between CR951, Logan","2008","2008-03-09","25.014195","-81.081778"
"UCFP104","Vehicular trauma","SR 29, 2.6 km N of US 41","2008","2008-04-12","24.929283","-80.975614"
"UCFP105","Unknown","FSSP, 0.24 miles W of Janes Scenic, N side of Mud Tram","2008","2008-04-23","24.959762","-80.996514"
"UCFP106","Vehicular trauma","Leonard Boulevard, Lehigh Acres","2008","2008-05-04","25.13159","-81.091919"
"UCFP107","Vehicular trauma","CR 951, 2.4 km S of US 41 on CR951, crossed E to W","2008","2008-05-22","24.962051","-81.079713"
"UCFP108","Vehicular trauma","CR 846, 1.7 mile E of Oil Grade Rd","2008","2008-07-28","25.062533","-81.01904"
"UCFP109","Unknown","2 miles E of Corkscrew Sanctuary","2008","2008-09-15","25.06708","-81.040978"
"UCFP110","Vehicular trauma","","2008","2008-09-29","24.771376","-80.738171"
"UCFP111","Vehicular trauma","SR 29, 2.4km N of Oil Well Road","2008","2008-10-24","25.050685","-80.974059"
"UCFP112","Vehicular trauma","SR 80, E of CR 833","2008","2008-11-04","25.182633","-80.910279"
"UCFP113","Vehicular trauma","Alico Road","2008","2008-11-26","25.099964","-81.090029"
"UCFP114","Vehicular trauma","CR 858, 1 miles E of Camp Keais Rd","2008","2008-11-29","25.04118","-80.991136"
"UCFP115","Vehicular trauma","CR 832, E of OSSF","2009","2009-01-11","25.136919","-80.943782"
"UCFP116","Vehicular trauma","SR 29, 3 miles S of Immokalee","2009","2009-01-20","25.0711","-80.985581"
"UCFP117","Intraspecific aggression","BCSIR","2009","2009-02-02","25.052782","-80.88861"
"UCFP118","Vehicular trauma","Treeline Ave","2009","2009-03-25","25.109854","-81.108415"
"UCFP119","Vehicular trauma","US 41, Turner River","2009","2009-04-09","24.917827","-80.9471"
"UCFP120","Illegal kill","Big Cypress Mitigation Bank","2009","2009-04-21","25.038174","-80.928077"
"UCFP121","Vehicular trauma","SR 29, ~4 miles S of I-75","2009","2009-05-14","24.978112","-80.97615"
"UCFP122","Vehicular trauma","CR 846, near Camp Kaeis Rd","2009","2009-05-25","25.06365","-80.997295"
"UCFP123","Illegal kill","Troup Co., GA - approximate location","2008","2008-11-17","27.108756","-80.403084"
"UCFP124","Vehicular trauma","I-75, 90mm","2009","2009-08-05","24.997218","-81.019919"
"UCFP125","Vehicular trauma","I-75, 96.5mm","2009","2009-09-06","24.996896","-81.053405"
"UCFP126","Unknown","E of Ave Maria, Ranch 1 Orange Gr.","2009","2009-09-15","25.054135","-80.984665"
"UCFP127","Unknown","Turner River, 600m S of US 41","2009","2009-10-09","24.916961","-80.950011"
"UCFP128","Illegal kill","North Belle Meade","2009","2009-10-10","25.007968","-81.041534"
"UCFP129","Vehicular trauma","CR 846, 2 miles E of Immokalee","2009","2009-10-19","25.07922","-80.984344"
"UCFP130","Vehicular trauma","CR 846, 2 miles E of Immokalee","2009","2009-10-21","25.079242","-80.984266"
"UCFP131","Vehicular trauma","CR 833, N boundary of BCSIR","2009","2009-11-01","25.058768","-80.873264"
"UCFP132","Unknown","FL Turnpike, S of Yeehaw Junction","2009","2009-11-19","25.461876","-80.842484"
"UCFP133","Vehicular trauma","I-75, 1/2 miles W Snake Road","2009","2009-12-17","25.007145","-80.830245"
"UCFP134","Vehicular trauma","Corkscrew Road, near CREW Gate 5","2009","2009-12-23","25.09069","-81.041041"
"UCFP135","Vehicular trauma","SR 29, 2 miles N of Jerome","2009","2009-12-29","24.957753","-80.972551"
"UCFP136","Vehicular trauma","County Barn Rd, 0.3 miles S of Davis Blvd","2009","2009-12-31","24.989993","-81.089325"
"UCFP137","Intraspecific aggression","I mile S Corkscrew Rd, near Bella Terra","2010","2010-01-19","25.083458","-81.086008"
"UCFP138","Unknown","N of Shell Island Rd, Rookery Bay","2010","2010-01-29","24.955486","-81.080947"
"UCFP139","Vehicular trauma","Corkscrew Rd, CREW Marsh Trailhead 1","2010","2010-03-13","25.100679","-81.03271"
"UCFP140","Vehicular trauma","I-75, mm 117","2010","2010-04-15","25.053957","-81.097355"
"UCFP141","Vehicular trauma","Church Road, near Hendry Co landfill","2010","2010-04-29","25.120403","-81.032122"
"UCFP142","Vehicular trauma","Golden Gate Blvd., between 5th and 7th St NW","2010","2010-05-04","25.020032","-81.056421"
"UCFP143","Vehicular trauma","US 41, 2.2km E of CR951","2010","2010-05-23","24.965338","-81.07393"
"UCFP144","Vehicular trauma","CR 833, 0.66km N of intersect with CR 832","2010","2010-05-31","25.139818","-80.911299"
"UCFP145","Vehicular trauma","SR 29, 3.7km S of Farm Workers Village","2010","2010-06-24","25.067551","-80.981486"
"UCFP146","Vehicular trauma","SR 29, 1 miles S of Owl Hammock","2010","2010-08-03","25.056193","-80.974231"
"UCFP147","Vehicular trauma","US 41, 1.7 miles E of Monroe Station, canal on north side US41","2010","2010-10-01","24.910583","-80.889121"
"UCFP148","Vehicular trauma","US 27, 0.5 miles E of SR 80","2010","2010-12-12","25.183223","-80.896142"
"UCFP149","Vehicular trauma","Golden Gate Blvd., 7th ST NW","2010","2010-12-13","25.020001","-81.056182"
"UCFP150","Vehicular trauma","CR 846, 1.5 miles S of CR 833","2010","2010-12-19","25.090482","-80.909164"
"UCFP151","Intraspecific aggression","","2010","2010-12-23","25.036232","-81.000632"
"UCFP152","Vehicular trauma","I-75, 98mm, eastbound","2011","2011-01-13","24.996919","-81.059924"
"UCFP153","Vehicular trauma","I-75, 98mm, westbound","2011","2011-01-21","24.997067","-81.061695"
"UCFP154","Intraspecific aggression","Orange grove N of Sears Rd","2011","2011-01-21","25.154363","-80.981122"
"UCFP155","Unknown","Golden Gate Estates","2011","2011-02-23","25.024344","-81.064155"
"UCFP156","Vehicular trauma","I-75,  near 114mm","2011","2011-02-26","25.044368","-81.094675"
"UCFP157","Unknown","these remains likely have been at the site for at least several months.","2011","2011-03-15","24.899842","-80.879813"
"UCFP158","Other","The carcass was reportedly originally seen here, then moved to 17R 484212 3175865, where it was recovered by LE.","2011","2011-03-17","25.782242","-80.913984"
"UCFP159","Illegal kill","SR 29, near Farmworkers Village","2011","2011-03-25","25.067276","-80.981165"
"UCFP160","Vehicular trauma","US 41, at 50 mile bend","2011","2011-04-30","24.894823","-80.828214"
"UCFP161","Intraspecific aggression","Silver Strand Grove, N of Immokalee","2011","2011-07-06","25.09254","-80.995867"
"UCFP162","Vehicular trauma","SR 29, Owl Hammock Curve","2011","2011-07-11","25.061943","-80.975152"
"UCFP163","Unknown","Palmer Ranch","2011","2011-09-03","25.142823","-80.943677"
"UCFP164","Vehicular trauma","SR 29, Owl Hammock Curve","2011","2011-09-19","25.060073","-80.974415"
"UCFP165","Vehicular trauma","SR 29, Collier-Hendry line","2011","2011-10-30","25.106416","-81.002987"
"UCFP166","Vehicular trauma","SR 82, 3.8km W of SR 29","2012","2012-01-02","25.101857","-81.013829"
"UCFP167","Vehicular trauma","US 41, 0.5km W of Manatee Rd","2012","2012-01-07","24.965425","-81.074125"
"UCFP168","Vehicular trauma","US 41, 0.4km E of Bass Rd","2012","2012-02-06","24.921167","-80.955204"
"UCFP169","Unknown","Orange grove N of Church Rd.","2012","2012-04-07","25.121984","-81.016968"
"UCFP170","Vehicular trauma","Alico Rd, 0.1 km W of Airport Haul Rd","2012","2012-04-16","25.099643","-81.099199"
"UCFP171","Vehicular trauma","SR80, 23km E of I-75","2012","2012-05-23","25.166795","-81.045384"
"UCFP173","Vehicular trauma","CR 846, 2.4 km E of Oil Well Grade Rd","2012","2012-06-19","25.062488","-81.020683"
"UCFP174","Intraspecific aggression","Private property, 2.1 km N of CR 832, E of OSSF","2012","2012-08-28","25.142876","-80.942365"
"UCFP175","Vehicular trauma","SR 29, 2.7km N of US 41","2012","2012-10-08","24.931098","-80.975495"
"UCFP176","Vehicular trauma","Immokalee Rd, 2 miles N of fairgrounds","2012","2012-10-09","25.052081","-81.049918"
"UCFP177","Vehicular trauma","18th Ave NE, Golden Gate Estates","2012","2012-11-04","25.030601","-81.038408"
"UCFP178","Vehicular trauma","SR 29, 1.5 miles S of I-75","2012","2012-11-14","24.990565","-80.973169"
"UCFP179","Vehicular trauma","SR 29, Owl Hammock Curve","2012","2012-11-19","25.061436","-80.974773"
"UCFP180","Vehicular trauma","US 41, 0.5 miles W of Manatee Road","2012","2012-11-19","24.965106","-81.073583"
"UCFP181","Vehicular trauma","Immokalee Rd, 3.6 miles N of Oil Well Rd","2012","2012-11-26","25.05511","-81.050033"
"UCFP182","Vehicular trauma","SR 528, Orange County","2012","2012-12-09","25.702475","-80.889856"
"UCFP183","Vehicular trauma","CR 835, 0.21km S of Dooley Grade Rd","2012","2012-12-28","25.12154","-80.866973"
"UCFP184","Vehicular trauma","CR 833, 2 miles E CR 846","2013","2013-01-01","25.093289","-80.899443"
"UCFP185","Vehicular trauma","SR 29, 600 ft. S Oil Well Rd","2013","2013-01-03","25.043284","-80.973683"
"UCFP186","Intraspecific aggression","Sadie Cypress, 2 miles S 846","2013","2013-01-26","25.074965","-80.962223"
"UCFP187","Vehicular trauma","CR835","2013","2013-01-31","25.119889","-80.866886"
"UCFP188","Intraspecific aggression","OSSF, S of Dove Field Rd","2013","2013-02-01","25.139261","-80.970276"
"UCFP189","Vehicular trauma","Everglades Blvd S, Golden Gate Estates","2013","2013-02-20","25.011265","-81.033674"
"UCFP191","Vehicular trauma","SR 80, just E of Labelle","2013","2013-03-16","25.183591","-81.0003"
"UCFP192","Vehicular trauma","CR 846, 2.3 miles W of County Line Road","2013","2013-04-28","25.080262","-80.96461"
"UCFP193","Vehicular trauma","US 192, E of Triple N WMA","2013","2013-05-31","25.603058","-80.877276"
"UCFP194","Vehicular trauma","Orange River Road, 1.2km E of Staley Rd, Buckingham","2013","2013-06-29","25.155969","-81.103021"
"UCFP195","Vehicular trauma","CR 846, 7.9km E of County Line Rd","2013","2013-07-08","25.083108","-80.929731"
"UCFP196","Vehicular trauma","I-75, 96.5mm","2013","2013-07-16","24.996133","-81.051008"
"UCFP197","Vehicular trauma","US41, 2.4km west of Oasis","2013","2013-08-07","24.91023","-80.884487"
"UCFP198","Vehicular trauma","I-75, 93 MM on Miller Canal Bridge","2013","2013-08-19","24.996984","-81.036692"
"UCFP199","Vehicular trauma","CR951,  Collier County","2013","2013-09-20","24.980188","-81.076146"
"UCFP200","Vehicular trauma","Treeline Ave. N of Daniels Pkwy.","2013","2013-11-12","25.121625","-81.10892"
"UCFP201","Vehicular trauma","Northbound I75 west of FakaUnion MM92","2013","2013-12-02","24.997188","-81.02738"
"UCFP202","Intraspecific aggression","FL Panther National Wildlife Refuge","2013","2013-12-11","25.027911","-80.975435"
"UCFP203","Vehicular trauma","I-75 near MM 111","2014","2014-01-02","25.028933","-81.093918"
"UCFP204","Vehicular trauma","SR 29, Owl Hammock Curve","2014","2014-01-22","25.060712","-80.97445"
"UCFP206","Vehicular trauma","SR80, Lee/Hendry Co line","2014","2014-03-01","25.166922","-81.040592"
"UCFP207","Vehicular trauma","CR 833","2014","2014-03-08","25.09295","-80.908434"
"UCFP208","Predation","Concho Billy Trail, SBCNP","2014","2014-03-29","24.947801","-80.926513"
"UCFP209","Vehicular trauma","CR 833, just S of CR 832","2014","2014-04-03","25.137587","-80.911226"
"UCFP210","Vehicular trauma","CR 846, 6 miles E of Immokalee","2014","2014-04-08","25.08056","-80.963076"
"UCFP211","Unknown","Belle Meade, PSSF","2014","2014-04-11","24.970509","-81.05571"
"UCFP212","Vehicular trauma","US27, north of Lake Placid","2014","2014-04-14","25.368062","-80.99733"
"UCFP213","Vehicular trauma","I-75 near MM 134","2014","2014-05-01","25.125087","-81.110844"
"UCFP214","Vehicular trauma","Oil Well Rd, east of Pacific Grade","2014","2014-05-16","25.041176","-80.990779"
"UCFP216","Vehicular trauma","Corkscrew Rd, near CREW gate 5","2014","2014-06-25","25.091132","-81.041108"
"UCFP217","Vehicular trauma","CR833","2014","2014-08-06","25.160343","-80.912215"
"UCFP218","Vehicular trauma","Immokalee Rd/Wildwood Blvd (Bonita Bay Club East)","2014","2014-08-24","25.033248","-81.06698"
"UCFP219","Vehicular trauma","Immokalee Rd/Krape Rd","2014","2014-08-24","25.03314","-81.066874"
"UCFP220","Vehicular trauma","CR833, N of BCSIR","2013","2013-09-02","25.059133","-80.873454"
"UCFP222","Vehicular trauma","Florida's Turnpike, MM 192, Yeehaw Junction","2014","2014-10-20","25.468474","-80.849686"
"UCFP223","Vehicular trauma","County Line Road, just south of CR846","2014","2014-11-13","25.077252","-80.953241"
"UCFP224","Vehicular trauma","Golden Gate Blvd/6th St NE","2014","2014-11-28","25.020251","-81.048976"
"UCFP225","Vehicular trauma","Flaghole Road, 8km south of US27","2014","2014-12-18","25.160939","-80.892811"
"UCFP226","Vehicular trauma","Collier Blvd, 2.4km south of US41","2014","2014-12-18","24.962083","-81.079602"
"UCFP227","Vehicular trauma","US41, MM 57, 3.8 km west of the Oasis Visitor Center","2015","2015-12-19","24.910561","-80.88836"
"UCFP228","Vehicular trauma","Golden Gate Blvd/10th St NE","2014","2014-12-28","25.020268","-81.047082"
"UCFP229","Vehicular trauma","16th ST SE, Golden Gate Estates","2014","2014-12-31","25.017872","-81.042951"
"UCFP230","Vehicular trauma","I-75 1/2 mile east of west toll booth","2015","2015-01-16","24.997103","-81.066504"
"UCFP231","Vehicular trauma","Immokalee Rd, 250m S of Bethune RD","2015","2015-01-20","25.073657","-80.996845"
"UCFP232","Vehicular trauma","MM132, I75","2015","2015-01-25","25.121725","-81.110933"
"UCFP233","Vehicular trauma","MM95, I75","2015","2015-01-25","24.996983","-81.041098"
"UCFP234","Unknown","Corkscrew Swamp Sanctuary (skeletal remains)","2015","2015-01-29","25.062331","-81.052942"
"UCFP235","Unknown","Golden Gate Estates","2015","2015-02-06","25.016149","-81.053644"
"UCFP236","Vehicular trauma","CR846, 1/2 mi south of CR833 intersection","2015","2015-02-15","25.090881","-80.90919"
"UCFP237","Vehicular trauma","CR951, 300 m north of Port au Prince Rd","2015","2015-03-08","24.957889","-81.079796"
"UCFP238","Vehicular trauma","Immokalee Road, 3.4km west of Camp Keais Rd.","2015","2015-03-22","25.062983","-81.005156"
"UCFP239","Vehicular trauma","I75, 1.1 miles east of tollbooth","2015","2015-04-03","24.997012","-81.065482"
"UCFP240","Vehicular trauma","SR29, 1.3 mi N. of CR858","2015","2015-04-13","25.049518","-80.973946"
"UCFP241","Vehicular trauma","I-75, 0.5 miles S of Exit 123, Corkscrew Road","2015","2015-04-30","25.076941","-81.104176"
"UCFP242","Vehicular trauma","CR833, 1/4 mi  south of CR832","2015","2015-05-19","25.136969","-80.911252"
"UCFP243","Vehicular trauma","US 41, BCNP","2015","2015-06-11","24.912961","-80.917963"
"UCFP244","Vehicular trauma","Immokalee Rd., 0.4 mi south of Wild Turkey Dr.","2015","2015-07-05","25.055996","-81.050038"
"UCFP245","Vehicular trauma","Daniels Pkwy, 1 mi SW of SR82","2015","2015-07-08","25.123639","-81.090996"
"UCFP246","Unknown","Lee County Port Authority Mitigation Land","2015","2015-07-01","25.099191","-81.064293"
"UCFP247","Vehicular trauma","SR80, 5 mi west of LaBelle","2015","2015-07-13","25.168033","-81.025599"
"UCFP248","Vehicular trauma","Golden Gate Blvd (2300 GGBlvd E)","2015","2015-07-30","25.020547","-81.038136"
"UCFP249","Vehicular trauma","CR858. 1/4 mi west of County Line Rd","2015","2015-09-22","25.046923","-80.95302"
"UCFP250","Vehicular trauma","US41, just west of Trail Lakes Campground","2015","2015-09-28","24.919749","-80.951715"
"UCFP251","Vehicular trauma","US 41, west of CR 92","2015","2015-10-08","24.950544","-81.050226"
"UCFP252","Other","CSSP near boat ramp","2015","2015-10-31","24.946234","-81.047334"
"UCFP254","Vehicular trauma","CR846, just W Everglades Blvd","2015","2015-11-23","25.062083","-81.035971"
"UCFP255","Vehicular trauma","CR832","2015","2015-12-08","25.129654","-80.963483"
"UCFP256","Vehicular trauma","Corkscrew Road","2015","2015-12-15","25.101643","-81.0312"
"UCFP257","Vehicular trauma","CR835, 2.5 km S of Dooley Grade Rd","2015","2015-12-16","25.115019","-80.866676"
"UCFP258","Vehicular trauma","SR29, Owl Hammock Curve","2015","2015-12-21","25.06229","-80.975553"
"UCFP259","Vehicular trauma","CR832. 3 mi west of CR833","2015","2015-12-31","25.137491","-80.925558"
"UCFP260","Unknown","18th Ave SE, W of Desoto","2016","2016-01-03","25.011246","-81.025598"
"UCFP262","Vehicular trauma","Daniel's Parkway, 1/2 mile east of Treeline Avenue","2016","2016-01-20","25.116241","-81.106174"
"UCFP263","Vehicular trauma","Florida Turnpike, south of Ft. Drum Service Plaza. near Yeehaw Junction","2016","2016-01-21","25.441906","-80.826343"
"UCFP264","Vehicular trauma","SR82, 1.4 km west of Church Rd, Hendry Co. Near Lazy Creek Park","2016","2016-01-30","25.10717","-81.036072"
"UCFP265","Vehicular trauma","I75, 2 km north of Daniel's Parkway","2016","2016-02-02","25.121815","-81.111229"
"UCFP266","Vehicular trauma","SR 82 between Jaguar Blvd. and Sparta Ave. Road right of way","2016","2016-02-12","25.11398","-81.062703"
"UCFP267","Vehicular trauma","Westbound lane of SR82 a few hundred feet east of Hendry Co. line. SR82","2016","2016-02-15","25.106974","-81.035327"
"UCFP268","Vehicular trauma","1.25 mi east of CR850 (Corkscrew Rd) SR82","2016","2016-02-17","25.103761","-81.02202"
"UCFP269","Unknown"," 16th hole of one of Lely Golf Course; 193 m west of CR951","2016","2016-02-18","24.979383","-81.076745"
"UCFP270","Unknown","over hump on west side of L28I road directly adjacent to southern most bridge on canal.","2016","2016-03-05","25.017411","-80.84177"
"UCFP271","Vehicular trauma","Lakeland, approximately one mile from FWC regional office.","2016","2016-03-09","25.561822","-81.188244"
"UCFP272","Vehicular trauma","Golden Gate Estates, western end of Golden Gate Blvd; just east of 3815 GG Blvd. On west bound lanes of GG Blvd, approximately 0.3 miles east of the intersection with CR951","2016","2016-03-25","25.019475","-81.075873"
"UCFP273","Vehicular trauma","I-75 near MM96 Hit in southbound (westbound) lanes of the Alley along unfenced area surrounded by Belle Meade.","2016","2016-04-01","24.996823","-81.050483"
"UCFP274","Vehicular trauma","I-75 0.6 mi north of SR82 (exit 138)","2016","2016-04-06","25.145343","-81.11356"
"UCFP275","Vehicular trauma","Immokalee Road 2 miles east of CR951 (Collier Blvd)","2016","2016-04-06","25.033095","-81.068273"
"UCFP276","Vehicular trauma","I75. 0.65 miles south of Bonita Beach Rd exit, Exit 116.  North bound land, east side of roadway.","2016","2016-04-09","25.047453","-81.095745"
"UCFP277","Vehicular trauma","GG Blvd - 650 ft east of 22nd St NE/SE intersection; 200 ft east of canal","2016","2016-04-10","25.020548","-81.0387"
"UCFP278","Vehicular trauma","Randall blvd, 110m east of 16 st NE","2016","2016-04-15","25.034896","-81.043133"
"UCFP279","Vehicular trauma","I-75 south bound lanes right at the 122 MM.","2016","2016-04-26","25.074272","-81.104097"
"UCFP280","Vehicular trauma","on CR833 (Josie Billie Hwy), 735 m north of the intersection with CR835","2016","2016-04-26","25.087137","-80.880013"
"UCFP281","Intraspecific aggression","OK slough WMA, 3.5 miles north of Keri Rd on Twin Mills Grade.  Was located in the open 20yds west of grade.","2016","2016-04-28","25.14704","-80.964494"
"UCFP282","Vehicular trauma","SR29 1/4 mile north of US41","2016","2016-05-03","24.925573","-80.976644"
"UCFP283","Vehicular trauma","US27 4.5 miles south of SR70","2016","2016-05-26","25.300079","-80.97557"
"UCFP284","Vehicular trauma","CR858/Campe Keais Rd intersection","2016","2016-06-16","25.041121","-80.99582"
"UCFP285","Vehicular trauma","SR82 half mile west of Church rd","2016","2016-08-05","25.106627","-81.034092"
"UCFP286","Vehicular trauma","SR80, south side near the Hendry/Lee boundary line","2016","2016-10-10","25.166759","-81.043411"
"UCFP287","Vehicular trauma","US27, just north of intersection of CR731 (Venus).","2016","2016-10-18","25.278293","-80.977428"
"UCFP288","Vehicular trauma","Daniels Parkway 2.4km southwest of SR82","2016","2016-10-28","25.122098","-81.092282"
"UCFP289","Vehicular trauma","Golden Gate Blvd 1 km west of Everglades Blvd","2016","2016-10-31","25.020656","-81.036975"
"UCFP290","Vehicular trauma","SR29 2.3 miles south of CR858, right at entrance to Sunniland mine.","2016","2016-11-16","25.033634","-80.973332"
"UCFP291","Vehicular trauma","CR832 two miles east of SR29 near entrance to Spirit of the Wild WMA","2016","2016-11-20","25.133125","-80.994058"
"UCFP292","Vehicular trauma","SR 29 two miles north of CR858 near entrance to citrus grove","2016","2016-12-06","25.050865","-80.974"
"UCFP293","Vehicular trauma","Just south of Daniels Pkwy on road to RSW","2016","2016-12-08","25.118742","-81.09783"
"UCFP294","Vehicular trauma","Corkscrew Rd 1/4 mile east of Ben Hill Griffin Pkwy","2016","2016-12-09","25.082728","-81.102589"
"UCFP295","Vehicular trauma","intersection of Ben Hill Griffin Pkwy and FGCU Blvd","2016","2016-12-10","25.090153","-81.107759"
"UCFP296","Vehicular trauma","On CR832, 5 miles west of CR833; near Triburton","2017","2017-01-12","25.13718","-80.934973"
"UCFP299","Unknown","about 200' south of east end of 2nd Ave NE, east of Desoto Blvd","2017","2017-02-23","25.021757","-81.023543"
"UCFP300","Vehicular trauma","SR82 1/2 mile east of CR850","2017","2017-02-27","25.104591","-81.025251"
"UCFP301","Vehicular trauma","NE Four Mile Grade Road 2 miles north of SR70, 12 miles east of Arcadia; extensive orange groves on east side, open cattle ranchlands on west side","2017","2017-02-28","25.328368","-81.085715"
"UCFP302","Vehicular trauma","SR82, 2.8km west of junction with CR850.  Just where new 4 lane section begins.","2017","2017-03-04","25.107098","-81.03597"
"UCFP303","Vehicular trauma","SR 82 1.4 miles east of CR850","2017","2017-03-09","25.103617","-81.021283"
"UCFP304","Vehicular trauma","CR 846 approximately 2 miles east of Immokalee","2017","2017-03-14","25.079207","-80.984226"
"UCFP305","Vehicular trauma","CR835, 0.37km south of Dooley Grade","2017","2017-04-05","25.121102","-80.866935"
"UCFP306","Vehicular trauma","I-4 center median near exit 58","2017","2017-04-13","25.639588","-81.069038"
"UCFP307","Vehicular trauma","CR846. 2.6 miles west of CR858 (County Line Rd)","2017","2017-04-20","25.079968","-80.965943"
"UCFP308","Vehicular trauma","Keri Rd., CR 832. ","2017","2017-05-08","25.136998","-80.939792"
"UCFP309","Unknown","1274 Keri Island Rd.  North side of GG E just S of Immokalee Rd. Carcass was under a bougainvillea bush.","2017","2017-06-11","25.028674","-81.060349"
"UCFP310","Vehicular trauma","Carcass was located on the north side of CR846 where it had been pulled off the road by the individual who hit  (vehicle collision) the animal","2017","2017-06-16","25.081343","-80.943235"
"UCFP311","Vehicular trauma","Immokalee Rd/Richards Rd intersection. 2 miles east of Collier Blvd (CR951).","2017","2017-07-03","25.032935","-81.068151"
"UCFP312","Vehicular trauma","Collier Blvd (CR951). 400 feet north of City Gate Blvd (near BP gas station) by canal.","2017","2017-07-18","25.001313","-81.076423"
"UCFP313","Intraspecific aggression","CREW Marsh Trails hiking area; Pop Ash Slough Trail","2017","2017-04-14","25.097606","-81.033853"
"UCFP314","Vehicular trauma","Ft. Denaud Road; 1.2km north of SR80","2017","2017-08-18","25.170647","-81.029411"
"UCFP315","Vehicular trauma","CR846. Rocky Lake curve, directly across from Robert's Ranch Rd","2017","2017-08-24","25.083761","-80.910206"
"UCFP316","Vehicular trauma","SR98, north of Lake Istokpoga","2017","2017-09-16","25.394903","-80.960938"
"UCFP317","Vehicular trauma","CR835.  1 mile south of Dooley Grade.","2017","2017-10-15","25.116882","-80.866775"
"UCFP319","Vehicular trauma","Daniel's Parkway, on the median","2017","2017-11-23","25.121762","-81.092632"
"UCFP321","Intraspecific aggression","Private property east of SR29 and north of SR78, 1.3km W-NW of SR78-Ortona Rd intersection.","2017","2017-12-20","25.200913","-80.973389"
"UCFP322","Vehicular trauma","North end of Snake Road approximately 1 mile east of Rotenberger access road.","2018","2018-01-08","25.045955","-80.836145"
"UCFP323","Vehicular trauma","North side of Immokalee Rd, just west of Wildwood","2018","2018-01-13","25.033143","-81.066887"
"UCFP324","Vehicular trauma","SR80.    1.4 mi west of Cowboy Way","2018","2018-01-30","25.174221","-81.017427"
"UCFP325","Vehicular trauma","CR835, 1/2 mile south of Dooley Grade Rd","2018","2018-02-02","25.119293","-80.866897"
"UCFP326","Vehicular trauma","CR835, 1/2 mile south of Dooley Grade Rd","2018","2018-02-03","25.119095","-80.866847"
"UCFP327","Vehicular trauma","Immokalee Rd south of Stockade St","2018","2018-02-05","25.070101","-80.996745"
"UCFP328","Vehicular trauma","2.19km NNW of Ave Maria.  Was 8.8km east of junction with Everglades Blvd","2018","2018-02-19","25.062777","-81.008983"
"UCFP329","Vehicular trauma","On US HWY 27, 1.75 km west of Co Rd 720.","2018","2018-02-22","25.183858","-80.872764"
"UCFP330","Vehicular trauma","SR29, Jerome","2018","2018-02-28","24.950448","-80.972859"
"UCFP331","Vehicular trauma","CR846, 2.5 miles west of County line Road","2018","2018-02-28","25.080055","-80.965507"
"UCFP332","Vehicular trauma","SR82, west bound shoulder.  Was located 382 m west of the junction with Corkscrew Rd.","2018","2018-04-03","25.105404","-81.028765"
"UCFP333","Vehicular trauma","I-75 southbound","2018","2018-05-18","24.998819","-80.965424"
"UCFP334","Vehicular trauma","CR833 0.2km north of CR832","2018","2018-06-20","25.138481","-80.911255"
"UCFP335","Vehicular trauma","SR29 3.7 km south of CR858","2018","2018-06-25","25.033701","-80.973294"
"UCFP336","Unknown","","2018","2018-08-28","25.000975","-81.107433"
"UCFP337","Vehicular trauma","County Road 832, 2.4km west of the junction with CR833","2018","2018-08-25","25.137729","-80.918463"
"UCFP338","Vehicular trauma","CR846 at the intersection with Wild Turkey Drive.  Northbound lane","2018","2018-09-10","25.057208","-81.050119"
"UCFP339","Vehicular trauma","SR29, north of Immokalee.  1/3 mi north of SR29/29A intersection.","2018","2018-10-07","25.087429","-81.002226"
"UCFP340","Vehicular trauma","On CR833, 1/3 mi east of CR846","2018","2018-10-10","25.092976","-80.907478"
"UCFP341","Vehicular trauma","On CR833, 1/3 mi east of CR846","2018","2018-10-10","25.092976","-80.907478"
"UCFP342","Vehicular trauma","5.1km west of Duck Curve on CR846","2018","2018-10-17","25.083216","-80.925149"
"UCFP343","Vehicular trauma","Daniel's Parkway, 4km SW of SR82; just north of Ft Myers International Airport.","2018","2018-10-17","25.119907","-81.096316"
"UCFP344","Vehicular trauma","Felda.  Church Rd, about 2 mi west of SR29.","2018","2018-12-08","25.120948","-81.01304"
"UCFP345","Intraspecific aggression","300 m. North of 14th Av NE along canal to the west of Everglades Blvd.","2018","2018-12-29","25.029142","-81.039129"
"UCFP346","Vehicular trauma","Hit in westbound lane of SR80, approx 1.8 km east of the junction with Wellington Pkwy.","2019","2019-01-30","25.186484","-80.957046"
"UCFP347","Vehicular trauma","DeSoto Blvd between 4th and 6th Aves SE.  GGE.","2019","2019-02-08","25.018254","-81.025025"
"UCFP348","Intraspecific aggression","Duda Orange Grove 6.8km NNE of Hendry Cty Landfill.  N. of Townsend Canal.","2019","2019-02-11","25.144426","-81.023726"
"UCFP349","Vehicular trauma","GG Blvd approximately 100 ft. E of 7th St SW.","2019","2019-02-19","25.019958","-81.056772"
"UCFP350","Vehicular trauma","CR846 3.25km west of County Line Rd","2019","2019-03-08","25.080514","-80.963175"
"UCFP351","Vehicular trauma","SR82, westbound lanes, 390m west of intersection with Corkscrew Road","2019","2019-03-24","25.105444","-81.028947"
"UCFP352","Vehicular trauma","SR80 west of Labelle.  Hit just east of bridge crossing creek.  Carcass was approx. 820 m west of junction with Murray Rd.","2019","2019-03-30","25.168325","-81.024991"
"UCFP353","Vehicular trauma","CR846 2 miles W of County Line Rd","2019","2019-04-14","25.08046","-80.963526"
"UCFP354","Vehicular trauma","On CR 833, 3 miles east of CR 846.","2019","2019-04-30","25.093461","-80.894911"
"UCFP355","Vehicular trauma","SR82 Lehigh to south, preserve to north. Across from Conservation 2020 land - Wild Turkey Strand Preserve","2019","2019-05-21","25.124343","-81.080803"
"UCFP356","Intraspecific aggression","East of Gopher Ridge Rd, 6km east of Immokalee.","2019","2019-06-27","25.086607","-80.97838"
"UCFP357","Vehicular trauma","Found on south side of SR82 at the junction with Alabama Road.  This is 2.5km east of Wild Turkey Strand Preserve where a similar aged male panther was HBC on 21 May 2019 (UCFP355)","2019","2019-07-03","25.120452","-81.071671"
"UCFP358","Vehicular trauma","on sidewalk (appears to have been pulled off the road), east bound","2019","2019-07-22","25.019956","-81.058809"
"UCFP359","Vehicular trauma","Golden gate Blvd, east bound,near 9th ave NW.","2019","2019-07-22","25.019956","-81.058809"
"UCFP360","Vehicular trauma","Golden Gate Blvd, close to 9th ave NW, east bound","2019","2019-07-22","25.019956","-81.058809"
"UCFP361","Vehicular trauma","Lehigh Acres. SR82, 300 ft east of Homestead Rd.","2019","2019-07-26","25.112576","-81.05885"
"UCFP362","Vehicular trauma","CR846, 3 miles west of Duck Curve","2019","2019-08-15","25.083223","-80.924193"
"UCFP363","Vehicular trauma","SR80. 10.25 miles east of LaBelle (SR29)","2019","2019-09-02","25.186451","-80.955916"
"UCFP364","Vehicular trauma","in woods at SW corner of 26th 
Ave SE and Everglades Blvd.","2019","2019-09-24","25.006163","-81.033613"
"UCFP365","Vehicular trauma","I75 southbound at mile marker 120","2019","2019-10-05","25.070151","-81.103864"
"UCFP366","Vehicular trauma","Carcass located on east side of SR29; 700m south of the Felda Store.","2019","2019-10-31","25.114847","-81.003242"
"UCFP367","Vehicular trauma","Orange grove SE of old Hendry County Prison","2019","2019-11-01","25.040939","-80.941763"
"UCFP368","Vehicular trauma","Hwy 710 (Beeline) about two miles south of Indiantown","2019","2019-11-02","25.258081","-80.700085"
"UCFP369","Vehicular trauma","Owl Hammock Curve in northbound lane of SR29.  At entrance to Harker Pasture on Immokalee Ranch.","2019","2019-11-06","25.061594","-80.974835"
"UCFP370","Vehicular trauma","Church Rd.  2.25 mi north of SR82.","2019","2019-11-13","25.116148","-81.032068"
"UCFP371","Vehicular trauma","CR832 in Okaloacoochee Slough State Forest","2019","2019-11-14","25.132119","-80.969499"
"UCFP372","Vehicular trauma","Carcass located just off pavement of east bound lanes of I75 on right shoulder just west of MM82.5.","2019","2019-12-30","24.998047","-80.987335"
"UCFP373","Vehicular trauma","Corner of Felda Church Rd and David C. Brown Rd. North of Felda, West of SR29","2020","2020-01-02","25.121358","-81.010095"
"UCFP374","Vehicular trauma","SR 29 0.25 miles north of stoplight for Farmworker Village, Immokalee","2020","2020-01-09","25.075445","-80.990579"
"UCFP375","Vehicular trauma","Hendry County Road 833, ~60 meters south of Dinner Island Cow Pens gate .","2020","2020-01-01","25.123297","-80.910713"
"UCFP376","Other","970 m south of the South Scenic Highway on east side of the CSX train tracks.  ","2020","2020-01-04","25.461443","-81.043836"
"UCFP377","Vehicular trauma","SR82 approx 750m from 850 Junction (Corkscrew Rd)","2020","2020-01-21","25.104668","-81.025645"
"UCFP378","Vehicular trauma","Panther was hit right adjacent to an entry into the grove on the north side of SR82.  ","2020","2020-01-27","25.105366","-81.028613"
"UCFP379","Vehicular trauma","CR846 near Dupree Grade","2020","2020-02-19","25.079255","-80.977492"
"UCFP380","Vehicular trauma","SR29 4 miles SE of Immokalee","2020","2020-02-19","25.065586","-80.979252"
"UCFP381","Vehicular trauma","SR80 by future C-43 reservoir.","2020","2020-03-02","25.169007","-81.024248"
"UCFP382","Illegal kill","CR846. 3 miles west of County Line Rd (CR858).  Near wildlife underpass.","2020","2020-03-08","25.079662","-80.967561"
"UCFP383","Vehicular trauma","East end of White Boulevard, first driveway east of the canal on north side of road.  Located just at the location where White Blvd curves south and turns into 23rd St SW.  Found 14m off the road in brush just east of driveway.","2020","2020-05-03","25.014685","-81.066962"
"UCFP384","Vehicular trauma","17km east of Labelle on SR80.  South of Long Hammock near bridge over canal that feeds into Caloosahatchee River near Ortona Locks.  Location was 2.5km south of the River.","2020","2020-05-11","25.186455","-80.95562"
"UCFP385","Vehicular trauma","Southbound lanes of CR951.  Hit approximately 140m north of the junction with The Lords Way.","2020","2020-05-30","24.985623","-81.076211"
"UCFP386","Vehicular trauma","SR82 and Homestead Rd, just south of Lehigh Acres. Major construction zone. Family group made several crossing/attempts since heavy rains last night. Large waist-high concrete barrier set up inches from the road that panthers were forced to leap over.","2020","2020-07-30","25.112849","-81.05985"
"UCFP387","Vehicular trauma","CR832 (Keri Rd.), 350m west of the entrance to Wild Cow Grade on OK Slough State Forest","2020","2020-08-12","25.129912","-80.963952"
"UCFP388","Vehicular trauma","CR846, 5.6km west of County Line Road.  Carcass was located within 10 feet of the west end of the wildlife underpass fencing.","2020","2020-09-18","25.079501","-80.970165"
"UCFP389","Vehicular trauma","Corkscrew Road, 500m E of TPI Road","2020","2020-11-18","25.087675","-81.0492"
"UCFP390","Vehicular trauma","SR80 6 mi east of Labelle, bridge of underpass","2020","2020-12-01","25.186205","-80.971491"
"UCFP391","Vehicular trauma","I-75, MM97","2020","2020-12-25","24.996853","-81.055334"
"UCFP392","Vehicular trauma","Oil Well Grade Rd.","2020","2020-12-28","25.047574","-81.019748"
"UCFP393","Vehicular trauma","Terminal Access Road to RSW, east bound lanes.  Panther pulled itself into woods on south side of road after collision.  Occurred 1km east of Treeline Avenue intersection.","2021","2021-01-02","25.105304","-81.105034"
"UCFP394","Vehicular trauma","SR29 1km north of CR858","2021","2021-01-04","25.047186","-80.973864"
"UCFP395","Intraspecific aggression","Was located on County Road 74 in Glades County, 3.2km west of the junction with SR29.  Panther was found between the barbed wire fence and shoulder of the road.","2021","2021-01-11","25.23516","-80.980815"
"UCFP396","Vehicular trauma","SR82 east of Rod and Gun Club Rd","2021","2021-01-21","25.12461","-81.081459"
"UCFP397","Intraspecific aggression","5.1 km N of Big Cypress SIR Air Field","2021","2021-02-01","25.06715","-80.864649"
"UCFP398","Vehicular trauma","SR82, 950 m SE of Daniels Pkwy, in the new median.","2021","2021-02-13","25.125896","-81.084606"
"UCFP399","Vehicular trauma","SR62 in NW Hardee County.   Located 2.2 km east of the junction with Brewster Rd.","2021","2021-03-10","25.435407","-81.156079"
"UCFP400","Vehicular trauma","Southbound lanes of I-75 on south shoulder.  Located just east of MM94.","2021","2021-03-21","24.996824","-81.040292"
"UCFP401","Vehicular trauma","Immokalee Rd. 2.75 mi east of Oil Well Grade Rd","2021","2021-04-10","25.062647","-81.014761"
"UCFP402","Vehicular trauma","CR846, 1km west of County Line Road","2021","2021-05-18","25.080802","-80.95644"
"UCFP403","Vehicular trauma","SR29. 3/4 mile north of US41.","2021","2021-05-27","24.926864","-80.975863"
"UCFP404","Vehicular trauma","Church Rd. just south of Hendry County Landfill.","2021","2021-06-03","25.120699","-81.029238"
"UCFP405","Vehicular trauma","SR29, 2miles south of I75","2021","2021-06-04","24.986558","-80.973031"
"UCFP406","Vehicular trauma","Daniels Pkwy 1.5 mi E of I-75","2021","2021-07-09","25.116026","-81.104239"
"UCFP407","Unknown","Old agricultural fields east of Miller between 110-112th Av, approximately 100m east of Miller.","2021","2021-08-15","24.960517","-81.038845"
"UCFP408","Vehicular trauma","west of junction SR82 and Corkscrew Rd","2021","2021-08-25","25.105243","-81.03005"
"UCFP409","Vehicular trauma","Turner River Road, 5.1km north of Wagon Wheel Rd","2021","2021-09-28","24.964255","-80.948084"
"UCFP410","Vehicular trauma","SR29.  1 mile south of I-75","2021","2021-09-28","24.994125","-80.973215"
"UCFP411","Vehicular trauma","Daniels Parkway 1.8km NE of Gateway Blvd","2021","2021-09-29","25.12131","-81.093317"
"UCFP412","Vehicular trauma","SR80, 1/2 mi west of Townsend Canal Rd (NW corner of future C-43 reservoir).","2021","2021-10-16","25.166766","-81.044734"
"UCFP413","Vehicular trauma","Corkscrew Rd., west of Alico Rd.","2021","2021-10-30","25.087608","-81.085372"
"UCFP414","Vehicular trauma","CR951 in southbound lanes.  Located 2km north of intersection with Rattlesnake Hammock Rd.","2022","2022-01-03","24.988595","-81.076273"
"UCFP415","Vehicular trauma","US27, 1.6 miles SE of SR29 junction","2022","2022-01-09","25.231377","-80.961675"
"UCFP416","Vehicular trauma","Golden Gate Blvd.  Between 20th and 22nd St SE (1.25 mi west of Everglades Blvd)","2022","2022-01-15","25.020484","-81.039999"
"UCFP417","Vehicular trauma","Carson Rd, just north of Roy Way in Immokalee","2022","2022-01-28","25.085771","-81.007093"
"UCFP418","Vehicular trauma","CR832, 260m west of Collins Slough Rd.  Just east of Keri Rd. curve.","2022","2022-02-08","25.136983","-80.941477"
"UCFP419","Vehicular trauma","Flaghole Rd, 3.9 km ( 2.4 mi)  S of US 27, WSW of Clewiston.","2022","2022-02-18","25.172461","-80.893052"
"UCFP420","Vehicular trauma","On SR82, 1.2km east of junction with Corkscrew Road.  Panther was hit in east bound lanes.","2022","2022-02-28","25.104318","-81.024392"
"UCFP421","Vehicular trauma","CR833 approximately 1.8km north of the Big Cypress Seminole Indian Reservation","2022","2022-03-27","25.063652","-80.875"
"UCFP422","Vehicular trauma","SR29 Chapparal Slough","2022","2022-04-11","25.207006","-80.992033"
"UCFP423","Vehicular trauma","570 westbound ~100m south of US92","2022","2022-04-17","25.575781","-81.132716"
"UCFP424","Vehicular trauma","US27 between the bridges over Fisheating Creek","2022","2022-05-10","25.23611","-80.969843"
"UCFP425","Vehicular trauma","Treeline Ave.  1/2 mile north of Terminal Access Rd","2022","2022-05-14","25.107571","-81.108464"
"UCFP426","Vehicular trauma","Goggin Road, 765m south (0.5 miles) of SR80; NW corner of Alva Scrub Preserve.","2022","2022-05-16","25.164401","-81.063217"
"UCFP427","Vehicular trauma","US41 5 miles SE of CR951","2022","2022-05-20","24.956658","-81.060036"
"UCFP428","Vehicular trauma","Immokalee Rd, 2.02km (1.25 miles) south of Wild Turkey Dr.","2022","2022-07-09","25.052228","-81.049898"
"UCFP429","Vehicular trauma","CR846 near Bethune Ave.  Just south of Immokalee.","2022","2022-07-12","25.074427","-80.996844"
"UCFP430","Vehicular trauma","I-75 (Alligator Alley), MM 89.  South bound lane","2022","2022-07-21","24.997315","-81.015409"
"UCFP431","Vehicular trauma","Intersection of Joel Blvd/Edwards Dr., north of Lehigh Acres near Alva. 1.25 mi south of SR80","2022","2022-08-25","25.160928","-81.053488"
"UCFP432","Vehicular trauma","CR833 on the Big Cypress Seminole Indian Reservation.  South right-of-way on Josie Billie Highway.  Near the rodeo stadium.","2022","2022-09-08","25.047194","-80.858827"
"UCFP433","Vehicular trauma","Keri Rd, 3.4km west of CR833","2022","2022-10-29","25.137603","-80.921533"
"UCFP434","Vehicular trauma","SR29 at Owl Hammock curve","2022","2022-11-13","25.061253","-80.974678"
"UCFP435","Vehicular trauma","West Keysville Road, 970 m east of junction with Turkey Creek Rd","2022","2022-12-01","25.523355","-81.228804"
"UCFP436","Vehicular trauma","SR82 & Corkscrew Rd","2022","2022-12-07","25.105294","-81.028264"
"UCFP437","Vehicular trauma","CR846, 660m (0.4 mi) west of Thorpe Rd.","2023","2023-01-09","25.080681","-80.961326"
"UCFP438","Vehicular trauma","Golden Gate Boulevard east of 16th St.","2023","2023-01-30","25.02044","-81.042688"
"UCFP439","Vehicular trauma","Big Cypress Seminole Indian Reservation.  Josie Billie Highway.  Canal on north side of road with a nearby crossing to cattle pasture to the north.","2023","2023-02-26","25.047739","-80.850918"
"UCFP440","Vehicular trauma","Oil Well Rd,. just west of Oil Well Grade","2023","2023-05-26","25.040218","-81.018599"
"UCFP441","Vehicular trauma","west shoulder of SR29, Sunniland area","2023","2023-06-09","25.033548","-80.973324"
"UCFP442","Vehicular trauma","Approximately 3/4 mile south of Sunniland entrance","2023","2023-06-12","25.029801","-80.973137"
"UCFP443","Vehicular trauma","found on east side of Desoto Blvd. between 10th and 12th Av. NE","2023","2023-08-29","25.027005","-81.025315"
"UCFP444","Vehicular trauma","75N between toll plaza and exit 101","2023","2023-09-18","24.997278","-81.071353"
"UCFP445","Vehicular trauma","Keri Rd, 6.7 km (4.2m) west of CR833.","2023","2023-11-06","25.137302","-80.931474"
"UCFP446","Vehicular trauma","CR74, 5k (3.1 miles) west of CR731","2023","2023-11-07","25.238866","-81.037318"
"UCFP447","Vehicular trauma","Location was 3km south of SR80 on CR833.  Area of intensive agriculture","2023","2023-11-12","25.174343","-80.912676"
"UCFP448","Vehicular trauma","Impact occurred in eastbound lanes and carcass ended up in the bike lane.  Was right at the intersection of Richards Rd and Immokalee Rd.","2023","2023-11-12","25.033031","-81.068078"
"UCFP449","Vehicular trauma","USHwy 27, 1.8 km south SR17","2023","2023-11-26","25.260512","-80.976359"
"UCFP450","Vehicular trauma","Discovered a deceased animal within a rain culvert, partially submerged in water.




Discovered a deceased animal within a rain culvert, partially submerged in water.

Found male panther deceased within a rain culvert, partially submerged in water.","2024","2024-01-09","25.188425","-81.005542"
"UCFP451","Vehicular trauma","CR832.  3.75 mi east of Wild Cow Grade","2024","2024-01-11","25.136815","-80.946451"
"UCFP452","Vehicular trauma","CR833, 0.75 mile south of Hill Grade Rd","2024","2024-01-17","25.128725","-80.910872"
"UCFP453","Other","Panther was hit on the railroad bridge that crosses over Fisheasting Creek.","2024","2024-02-01","25.236496","-80.97062"
"UCFP454","Unknown","Located about 1.5m from shore, just at the top of the T in the Faka-Union Canal in PSSF.  Had been floating in the canal for at least 2 days.","2024","2024-03-06","24.948377","-81.021017"
"UCFP455","Vehicular trauma","East bound lanes of Alligator Alley (I75) on south shoulder.  Just east of Miami Mud Canal underpass. No high fencing on this portion of 75.","2024","2024-03-21","25.007019","-80.832151"
"UCFP456","Vehicular trauma","Panther was found immediately off highway 70 by FWC Officer Brown. Surrounding area is predominantly agriculture.","2024","2024-03-31","25.321937","-80.92552"
"UCFP457","Vehicular trauma","Was reported as injured under guard rail,  found in forest just across canal next to the road.","2024","2024-04-02","25.04028","-81.019029"
"UCFP458","Vehicular trauma","Killed on CR833 (Josie Billie Highway, off Seminole Reservation), 7.9 km south of CR835.","2024","2024-04-12","25.063951","-80.875086"
"UCFP459","Vehicular trauma","Countyline RD, 1.6 km north of Oilwell Rd","2024","2024-04-15","25.051426","-80.952112"
"UCFP460","Vehicular trauma","Camp Keais Rd near Anthem Pkwy. Adjacent to citrus grove.","2024","2024-04-16","25.05843","-80.996348"
"UCFP461","Vehicular trauma","Immokalee Road, 700 m west of Wilson Blvd","2024","2024-05-04","25.034092","-81.055535"
"UCFP462","Unknown","NE Intersection of Alico Rd and Corkscrew Rd","2024","2024-06-14","25.088346","-81.082745"
